filename,x,y
0,1188.039700,1095.120131
1,2001.901816,672.561766
2,1352.614851,1031.295970
3,1647.578616,1113.329401
4,1509.451477,1184.422834
5,1063.988238,249.536335
6,630.137935,850.780178
7,1223.472047,1113.982879
8,1495.264017,161.511692
9,1655.177394,528.384699
